e346b0b1-3218-40d5-ac86-7a83a41acc73,mark-neubauer,Mark Neubauer,https://openalex.org/A5136935898,1930,2,1928
e742f940-6b9d-468d-bc64-8a2c23706fa8,jiawei-han,Jiawei Han,https://openalex.org/A5019539533,1269,122,1147
ffe655a7-15e3-4b4c-be4d-32f98dd99063,john-a-rogers,John A Rogers,https://openalex.org/A5045551635,1087,116,971
a5fa6f47-7501-4cca-99c0-663ad9a5a607,scott-e-denmark,Scott E Denmark,https://openalex.org/A5060673018,988,27,961
fc4ee6a0-c527-48cf-95cf-541525904877,david-a-williams,David A Williams,https://openalex.org/A5034119300,926,8,918
f9566615-6c5d-4227-a728-78c6fee16821,jonathan-v-sweedler,Jonathan V Sweedler,https://openalex.org/A5006238710,938,286,652
b8be42e1-1744-48c8-a4b4-959735107b40,emad-tajkhorshid,Emad Tajkhorshid,https://openalex.org/A5087810793,816,169,647
d05ffd01-dcae-4065-8a6b-c61d8be861fe,martin-d-f-wong,Martin D F Wong,https://openalex.org/A5053378706,674,27,647
fab24a42-e513-4665-a742-0f665ab88d24,wendy-rogers,Wendy Rogers,https://openalex.org/A5101503529,727,82,645
a895c3e1-5f0d-4391-9477-525af5784d1d,steve-granick,Steve Granick,https://openalex.org/A5013223554,663,29,634
f4761874-0890-4a4d-9531-71099c5f376e,matthias-grosse-perdekamp,Matthias Grosse Perdekamp,https://openalex.org/A5106468777,592,9,583
e979b8f9-0ebb-4d71-88af-fd13f0f0f5f7,matthew-j-turk,Matthew J Turk,https://openalex.org/A5018199600,590,19,571
6bd99c92-28d0-4778-851e-5356a5fb07be,jianming-jin,Jianming Jin,https://openalex.org/A5047028153,605,52,553
f81e4909-8869-4f54-9e33-be2cad27a980,naira-hovakimyan,Naira Hovakimyan,https://openalex.org/A5029998748,672,125,547
cca07d6b-ec14-48db-8515-378c36d9671a,waltraud-m-kriven,Waltraud M Kriven,https://openalex.org/A5053104967,587,41,546
cb8ea67f-7d1a-4952-a329-08b9278edd09,kate-williams,Kate Williams,https://openalex.org/A5086090546,530,0,530
be079260-e03c-4758-a78e-6f58258c1520,r-h-campbell,R H Campbell,https://openalex.org/A5065622216,670,144,526
da829df4-1922-41cf-81bc-6438ce8938d9,narendra-ahuja,Narendra Ahuja,https://openalex.org/A5108521995,544,35,509
aaec6a1f-3db0-4266-8798-3b89fe40dd68,chengxiang-zhai,Chengxiang Zhai,https://openalex.org/A5028518494,586,85,501
fa47dc0a-f8dd-4401-abb8-d8e485807ac3,jimeng-sun,Jimeng Sun,https://openalex.org/A5084279065,544,61,483
b08f7807-ffc1-4cf8-ae5c-7f942c44f9da,stuart-louis-shapiro,Stuart Louis Shapiro,https://openalex.org/A5034590981,500,23,477
c4f99b36-6e66-4e94-a5d9-1c47ec527a84,wen-mei-hwu,Wen-mei Hwu,https://openalex.org/A5040404999,595,131,464
f1ac8b5b-439c-4863-b4e5-5e4dcdc64683,kenneth-s-schweizer,Kenneth S Schweizer,https://openalex.org/A5045572539,501,45,456
ba6c3f9a-5684-446c-b392-6b3e66915918,david-g-cahill,David G Cahill,https://openalex.org/A5001475799,569,115,454
d9aaec4f-1485-4d0c-9eae-342e9b456d75,rashid-bashir,Rashid Bashir,https://openalex.org/A5050715203,564,125,439
fa14f5ec-aee0-4f25-8741-b03a9e4d60f6,weiping-zhang,Weiping Zhang,https://openalex.org/A5100657961,436,12,424
e87ec0ec-f4b7-4ace-8f8d-34b552e4f4db,alexandr-kostochka,Alexandr Kostochka,https://openalex.org/A5080894223,432,10,422
a7192309-a50e-4512-a3bc-66313111dc88,b-f-spencer,B F Spencer,https://openalex.org/A5000232588,487,68,419
f3301626-2860-4955-8801-dda64f2328e3,nicole-riemer,Nicole Riemer,https://openalex.org/A5022554777,1043,624,419
efdc25b3-1842-44cf-9355-41c8ece6eb9a,mark-hasegawa-johnson,Mark Hasegawa-Johnson,https://openalex.org/A5004778663,501,84,417
ef2476d9-f37b-48f2-ba06-a6e4a83a1483,george-gollin,George Gollin,https://openalex.org/A5113454290,418,2,416
af4a2445-2b52-42c9-956d-961390d18e87,joaquin-daniel-vieira,Joaquin Daniel Vieira,https://openalex.org/A5040059428,410,14,396
bac19ae7-0bd7-4157-87df-1033696a78cc,andrew-g-alleyne,Andrew G Alleyne,https://openalex.org/A5080517179,458,63,395
f5bf255a-50ed-4147-b821-5f3f93a58ca8,eduardo-h-fradkin,Eduardo H Fradkin,https://openalex.org/A5048920469,474,79,395
b9acf753-65d0-46b7-8937-2f879ce71ec3,erol-tutumluer,Erol Tutumluer,https://openalex.org/A5026006206,543,148,395
da7de314-56c8-4074-bd9c-2f916bca1d48,gul-a-agha,Gul A Agha,https://openalex.org/A5076315769,432,41,391
cc6c9d80-b196-4f2d-8855-2523e46aec9d,liviu-m-mirica,Liviu M Mirica,https://openalex.org/A5021486550,464,73,391
b2c6d335-094f-4919-9dca-08f36c60cb6f,huseyin-sehitoglu,Huseyin Sehitoglu,https://openalex.org/A5072268797,421,32,389
db5fc1a4-547d-442f-b5a7-cadd19ef9c44,ximing-cai,Ximing Cai,https://openalex.org/A5075184717,438,57,381
bd4f1289-9436-4320-86c8-94ff26289047,andreas-c-cangellaris,Andreas C Cangellaris,https://openalex.org/A5088703625,410,32,378
f84b92df-03b3-47a1-9348-c15bc0553a12,tong-zhang,Tong Zhang,https://openalex.org/A5100378800,380,3,377
921c500a-0691-40b6-a082-9bbd1c2d7a28,elvira-demejia,Elvira Demejia,https://openalex.org/A5053384719,408,33,375
da050c33-b117-4f67-abd1-fc17ab5605fb,renming-song,Renming Song,https://openalex.org/A5101576656,393,20,373
d13032f5-4253-4e4b-a882-043251ef14d8,andrew-a-gewirth,Andrew A Gewirth,https://openalex.org/A5021345935,473,102,371
46697352-d8b1-4a88-8fb3-dd971c8d66c4,ana-barros,Ana Barros,https://openalex.org/A5123276942,365,2,363
bdb00f63-60aa-41fe-8a42-5a03a8aabb3b,philip-w-phillips,Philip W Phillips,https://openalex.org/A5039385849,406,45,361
aa9b3876-63c7-44f6-9653-faecc04061a6,nan-jiang,Nan Jiang,https://openalex.org/A5008181744,354,6,348
d44d0ab8-ab8f-4819-8e1a-b5e56e60a414,leslie-looney,Leslie Looney,https://openalex.org/A5054676844,388,55,333
ac93e216-12f3-4b22-8441-d2bd79295792,jozsef-balogh,Jozsef Balogh,https://openalex.org/A5108264183,352,20,332
c6058b19-45d8-4ed4-b652-f51377aea823,naresh-r-shanbhag,Naresh R Shanbhag,https://openalex.org/A5057014407,382,55,327
d70cd29a-7f23-4c3f-b68f-191d10792a0e,minh-n-do,Minh N Do,https://openalex.org/A5005908865,368,45,323
cbe707f6-dd11-4b87-b15f-7340124fb50c,shaowen-wang,Shaowen Wang,https://openalex.org/A5026042163,357,42,315
c82c5b46-d6fe-41f8-ad58-6ba00121e493,timothy-moon-yew-chan,Timothy Moon-Yew Chan,https://openalex.org/A5032955418,338,28,310
aaae7046-7ce2-4b9d-a753-bf4a9f1e0ac8,aleksei-aksimentiev,Aleksei Aksimentiev,https://openalex.org/A5076175038,357,50,307
f5771314-67b5-496c-a614-352a50ca5f49,jacob-j-sosnoff,Jacob J Sosnoff,https://openalex.org/A5031609471,366,65,301
f075b9e8-6c2f-45d8-a8fb-05ddd316c8ea,marc-snir,Marc Snir,https://openalex.org/A5041731995,335,36,299
bba94492-5ff0-434d-98c6-2b4f90ca2945,michael-l-oelze,Michael L Oelze,https://openalex.org/A5004000426,354,58,296
a87cf14b-3086-4d00-866b-6aa7e696fa51,jun-song,Jun Song,https://openalex.org/A5079972763,287,0,287
f78807c2-57d2-4c28-8355-2524bc557f0e,andrew-m-smith,Andrew M Smith,https://openalex.org/A5101895988,328,45,283
c222aa99-af63-4cf1-a8d3-f66b611f6e2c,yong-su-jin,Yong-Su Jin,https://openalex.org/A5051968629,344,63,281
d15ed6f1-0fc5-4e0c-b2cd-67ce1b3b0715,gustavo-caetano-anolles,Gustavo Caetano-Anolles,https://openalex.org/A5026404241,297,17,280
fda0f49d-59f6-48ea-acae-6c6e41c24f77,jose-ignacio-hualde,Jose Ignacio Hualde,https://openalex.org/A5001721723,311,31,280
ac13d080-487d-4e08-aa6f-e11e91e7a052,nam-sung-kim,Nam Sung Kim,https://openalex.org/A5037648751,347,69,278
d8ad353a-f4ce-46e7-a7c7-1c15d05d7a14,peter-a-fritzsche,Peter A Fritzsche,https://openalex.org/A5055904189,274,0,274
db03d94e-68e1-4248-a38f-9a3d505613b0,pascal-bellon,Pascal Bellon,https://openalex.org/A5055154422,298,25,273
ee303cec-87b7-4c50-a75f-9e86df2ab581,leyi-wang,Leyi Wang,https://openalex.org/A5038340031,303,39,264
df790a13-fb2c-4183-a86f-9d737eac0d7c,bruce-hajek,Bruce Hajek,https://openalex.org/A5047760182,278,16,262
d178c7cf-4299-437a-9b12-f8ca5c52dc8e,aida-x-el-khadra,Aida X El-Khadra,https://openalex.org/A5038578616,286,27,259
dbc84220-8a94-443f-b763-2f2133d1b04a,cory-suski,Cory Suski,https://openalex.org/A5035172433,298,47,251
b4e1920f-c28b-4ec2-a959-2bb88ae20b4b,chandra-sekhar-chekuri,Chandra Sekhar Chekuri,https://openalex.org/A5036503505,280,31,249
befc9500-a796-40f3-bb7b-7707e7c24d4f,taylor-l-hughes,Taylor L Hughes,https://openalex.org/A5046529785,337,92,245
f61a4965-4fef-47c7-8321-39fdde04d10b,benjamin-l-hankin,Benjamin L Hankin,https://openalex.org/A5075818294,313,69,244
b3d35c0f-2fb2-459f-b876-a2059e20dd18,sascha-hilgenfeldt,Sascha Hilgenfeldt,https://openalex.org/A5063150216,260,17,243
da54a232-195d-42f8-bc43-ab1a6dc0c480,marius-junge,Marius Junge,https://openalex.org/A5030843204,263,22,241
dbd5b6e0-b7be-4b96-ab0c-0e1653091e3d,manabu-t-nakamura,Manabu T Nakamura,https://openalex.org/A5002701077,251,12,239
80869b78-474b-48f2-971d-604661cb09b3,steve-petruzzello,Steve Petruzzello,https://openalex.org/A5084000577,259,24,235
af519ccd-986f-4b91-924d-cefcab09efd1,praveen-kumar,Praveen Kumar,https://openalex.org/A5079740733,289,55,234
e415dbae-db17-400b-a2b5-8f0865f9667e,heidi-phillips,Heidi Phillips,https://openalex.org/A5035428424,257,25,232
f986fd23-7b19-4103-a099-23e3ce4fd389,iwona-m-jasiuk,Iwona M Jasiuk,https://openalex.org/A5004535893,306,76,230
e4d31d7f-5a12-4e6c-932b-d752a65986b4,pavan-kumar-hanumolu,Pavan Kumar Hanumolu,https://openalex.org/A5036789252,239,9,230
b096e47f-27a9-49ee-989c-eaa50bf81db3,kaiyu-guan,Kaiyu Guan,https://openalex.org/A5053935458,394,171,223
ff630a17-e6f6-4a9a-8982-57d0a5d8397c,indranil-gupta,Indranil Gupta,https://openalex.org/A5027240302,282,60,222
abbc9b6d-528f-4dc5-8e34-39681e23fe32,kelly-s-swanson,Kelly S Swanson,https://openalex.org/A5053823114,473,251,222
acd615f2-3be4-46a2-8888-8951eb380fb9,brad-sutton,Brad Sutton,https://openalex.org/A5002649922,391,173,218
dd00da2a-c262-4dd3-94b7-19b2aaf8f8e5,barbara-fiese,Barbara Fiese,https://openalex.org/A5011614937,275,60,215
b0bc389e-0ab2-4a90-89cd-5e25a94900d9,charles-m-schroeder,Charles M Schroeder,https://openalex.org/A5064479674,300,86,214
cee3063e-3b5d-4808-adb5-c16ec10788f3,michael-twidale,Michael Twidale,https://openalex.org/A5085158617,243,31,212
e1361b02-4097-45d4-9c55-433ec51be163,elyse-rosenbaum,Elyse Rosenbaum,https://openalex.org/A5019748322,243,33,210
b5b05527-6734-4b6b-8710-46e66a2056f9,eric-r-larson,Eric R Larson,https://openalex.org/A5082046729,227,19,208
ded9fdc5-a59b-49aa-a476-892b64d4d1f6,jing-rui-he,Jing Rui He,https://openalex.org/A5073158087,306,98,208
b624c94f-213b-4f06-8bf3-2dc630c36896,nicholas-ching-hai-wu,Nicholas Ching Hai Wu,https://openalex.org/A5037737527,260,53,207
e0a0e938-ecf7-4b77-bc03-2c9a797eddfa,roderick-ian-mackie,Roderick Ian Mackie,https://openalex.org/A5068450512,317,113,204
e5cd0a1b-5712-41bd-ad38-7a60bfa71e71,donald-scott-stewart,Donald Scott Stewart,https://openalex.org/A5013882526,213,10,203
cd88dba9-4842-4377-8d20-a54fec914aab,geir-dullerud,Geir Dullerud,https://openalex.org/A5061952552,280,79,201
b7b8736f-e45f-45e1-9a27-46055754293e,mahesh-viswanathan,Mahesh Viswanathan,https://openalex.org/A5076852218,263,62,201
dcb66ba1-cdb8-49ed-a2d0-8834e0fa91e2,keith-r-cadwallader,Keith R Cadwallader,https://openalex.org/A5067970690,224,24,200
e6fb2cb0-e13f-477e-a84e-030757c3d58e,lawrence-m-hanks,Lawrence M Hanks,https://openalex.org/A5049908785,216,16,200
d97e8336-46f6-4a6b-8dd1-540563e5222c,gabriele-gratton,Gabriele Gratton,https://openalex.org/A5023204162,263,64,199
c41b8dc7-f662-4e3b-9db7-e80624241344,marco-panesi,Marco Panesi,https://openalex.org/A5071159349,288,91,197
dbbdcc22-de3c-4d10-922e-fbd567b928bf,jeffery-raphael-roesler,Jeffery Raphael Roesler,https://openalex.org/A5061834762,234,39,195
af0e41e2-359b-4ad7-b4db-c46e6c964005,aaron-s-benjamin,Aaron S Benjamin,https://openalex.org/A5062710247,208,14,194
dd1229de-cd05-4f69-b372-6db4edfd37a7,matthew-c-allender,Matthew C Allender,https://openalex.org/A5082235914,250,56,194
c90d02cc-7438-4811-9c87-58029d9343bb,michael-s-selig,Michael S Selig,https://openalex.org/A5103250192,211,18,193
d5f8d89b-09d4-4d11-83fd-e22fc1f6e6a9,monica-fabiani,Monica Fabiani,https://openalex.org/A5037196114,261,68,193
e58d4d5e-1cec-4adb-ba6f-bfbb072d487f,andre-schleife,Andre Schleife,https://openalex.org/A5086627523,288,96,192
d9943036-32f8-4a64-b90f-12489172657a,na-wei,Na Wei,https://openalex.org/A5066245492,206,15,191
b6cc5fe6-b213-4f72-b46b-6ff8a30b7f74,virginia-rosa-dominguez,Virginia Rosa Dominguez,https://openalex.org/A5034090140,202,11,191
ec7b76b8-4d70-4f6e-9802-76d886a06ee0,prashant-girdharilal-mehta,Prashant Girdharilal Mehta,https://openalex.org/A5081314418,238,50,188
aa8726fa-2203-44d1-8bda-89f70896f113,karen-d-rudolph,Karen D Rudolph,https://openalex.org/A5055589168,205,21,184
dbfd4324-e453-4587-8b6b-66489c35c423,ralph-w-mathisen,Ralph W Mathisen,https://openalex.org/A5008375911,184,1,183
aee80fc8-3264-4452-b0cd-4f4b6bde8465,martin-o-bohn,Martin O Bohn,https://openalex.org/A5087238989,214,35,179
fb147274-f3ca-47ad-8a87-e3692f12c1d3,andrew-s-belmont,Andrew S Belmont,https://openalex.org/A5087714116,203,26,177
bfff588d-8284-45d9-b227-dafcad2107d1,marcelo-cunha-medeiros,Marcelo Cunha Medeiros,https://openalex.org/A5058125982,179,3,176
b8b95357-7811-4b79-b4fe-9b58e0ad882d,larry-di-girolamo,Larry Di Girolamo,https://openalex.org/A5040653057,219,45,174
dbf4102c-aa68-481a-9836-81cf2779eb93,cele-otnes,Cele Otnes,https://openalex.org/A5110914197,176,3,173
81305b02-48b4-4044-a2ec-a4a657b0ed8a,bo-li-libo,Bo Li,https://openalex.org/A5100738534,183,11,172
b35ce18e-32eb-4754-a820-15988e01dad5,chi-fang-wu,Chi-Fang Wu,https://openalex.org/A5008365249,183,13,170
c3ddb7ff-13b5-4893-8df0-3d70a2d8dc33,minjia-zhang,Minjia Zhang,https://openalex.org/A5077768924,195,25,170
c071c482-a842-494a-9e55-0f3f116f56d5,rodney-l-burton,Rodney L Burton,https://openalex.org/A5078851682,235,66,169
b69b7c84-4ce3-45a1-862c-4dba38413271,sharon-m-nickols,Sharon M Nickols,https://openalex.org/A5001585537,177,10,167
ba71d03b-03de-47f0-a3bc-bd534fa9b6fe,andrew-suarez,Andrew Suarez,https://openalex.org/A5046153155,182,17,165
d307fa02-e794-445e-bc85-f721aa7bdd87,sergei-dikanov,Sergei Dikanov,https://openalex.org/A5048778417,207,43,164
a80b364d-b7ee-4cca-aa36-48424d048840,gagandeep-singh,Gagandeep Singh,https://openalex.org/A5100760604,187,25,162
f14ed72a-02a9-4d8d-83f8-99613b91ac80,benedek-kurdi,Benedek Kurdi,https://openalex.org/A5087614588,174,13,161
d6bf872c-d174-4c4e-adde-715026d1280d,hua-wang,Hua Wang,https://openalex.org/A5100403933,200,39,161
bd9afe8d-91b0-4ad2-8179-20d4473e43ff,michael-shaw,Michael Shaw,https://openalex.org/A5046294900,177,16,161
c76ac537-2aef-4bf5-9602-f5cad815fcf4,daniel-j-bodony,Daniel J Bodony,https://openalex.org/A5011367707,238,78,160
f92acb30-147b-4572-83ca-9abf9f3a901f,patrick-j-tranel,Patrick J Tranel,https://openalex.org/A5036724519,198,40,158
cf962878-8a64-42b7-9f28-72226a7d51de,petros-sofronis,Petros Sofronis,https://openalex.org/A5058174985,170,12,158
793392cd-6366-44fa-9769-7e0a1a98aec7,taher-abu-saif,Taher Abu Saif,https://openalex.org/A5075456391,191,34,157
d1fcb4cb-aac0-4f91-b38e-c4953803e25a,athol-j-kemball,Athol J Kemball,https://openalex.org/A5033773060,169,13,156
a978dabf-53ba-4188-8eec-7ac79ced98aa,kent-bourdon-monroe,Kent Bourdon Monroe,https://openalex.org/A5022468241,156,2,154
aae96e1c-1a6d-4896-85a7-6f7659fab646,helen-neville,Helen Neville,https://openalex.org/A5076821837,177,24,153
d554e90f-dffc-406f-9be1-0c0e2bd1b43e,kevin-mumford,Kevin Mumford,https://openalex.org/A5026497042,153,1,152
e832fb45-c7fd-4276-bfd2-dc2a15e23a78,pasquale-bottalico,Pasquale Bottalico,https://openalex.org/A5006844785,186,34,152
d619ff18-2273-41c9-ab87-4040d211b1e8,joaquin-rodriguez-lopez,Joaquin Rodriguez Lopez,https://openalex.org/A5007986677,223,73,150
faedcc89-7b75-45cf-b2d8-f8ff757ddc7c,satish-k-nair,Satish K Nair,https://openalex.org/A5067016723,255,105,150
fd7dc209-8797-4686-9bd8-fb22ac8d82cc,john-c-hart,John C Hart,https://openalex.org/A5111373264,226,78,148
bc4f93ba-7e6b-405c-9968-5b922b66d184,lingming-zhang,Lingming Zhang,https://openalex.org/A5043546718,177,29,148
f4a62f20-71b3-4cef-9391-8c3b07baa355,halil-kilicoglu,Halil Kilicoglu,https://openalex.org/A5016571803,184,37,147
d0ddd862-fbae-4d9d-8618-5f9db4d8df95,ivan-dokmanic,Ivan Dokmanic,https://openalex.org/A5002015062,149,5,144
c006d770-bf7f-4d9c-aaeb-2be0aed54673,flavia-cristina-drumond-andrade,Flavia Cristina Drumond Andrade,https://openalex.org/A5034752959,183,41,142
c3aadfe6-7d85-4a9a-a556-a2ecf99fdc01,rakesh-kumar,Rakesh Kumar,https://openalex.org/A5067547869,151,9,142
bd8f00f5-c40e-41e0-bffa-bdbbfc768653,thanh-huong-nguyen,Thanh Huong Nguyen,https://openalex.org/A5100711669,207,66,141
ca852afe-c723-4bb5-8e34-88d3f4046c3c,bruce-w-fouke,Bruce W Fouke,https://openalex.org/A5032584114,166,26,140
c6cc8cb2-5d8b-406d-b7e7-fba806147bb3,dallas-trinkle,Dallas Trinkle,https://openalex.org/A5043950605,170,30,140
d932d201-b889-4e57-b7a1-7c425e35a3c8,david-e-woon,David E Woon,https://openalex.org/A5026047273,149,11,138
e77bd092-fbd3-4812-9257-bf90ae164eec,scott-althaus,Scott Althaus,https://openalex.org/A5052391202,142,5,137
b1114a37-3979-4926-bee8-5d449d832fc4,stanislav-rubakhin,Stanislav Rubakhin,https://openalex.org/A5020098405,199,62,137
c828c9db-c6cc-4c25-8173-ac776f6517f7,vishal-verma,Vishal Verma,https://openalex.org/A5043436376,156,19,137
c28409dc-f4fd-42f9-9a6e-0bc07f1c3bb9,alfred-l-roca,Alfred L Roca,https://openalex.org/A5075978929,174,38,136
f4ed22ba-fd21-4f72-9710-d401fa68cf22,douglas-h-beck,Douglas H Beck,https://openalex.org/A5027681082,138,3,135
db62f579-5e48-4c49-a953-2e439d52e481,john-lambros,John Lambros,https://openalex.org/A5042050817,187,52,135
bfff75d7-188a-4537-b648-c1e0c033afff,nick-g-glumac,Nick G Glumac,https://openalex.org/A5066434013,223,89,134
f96d84e3-fec4-473d-bc63-09f5c59c7771,larry-alan-fahnestock,Larry Alan Fahnestock,https://openalex.org/A5009504084,164,31,133
c4b04385-6f02-4da4-beb4-025c39a9e189,martha-gillette,Martha Gillette,https://openalex.org/A5039332578,160,27,133
c59764e8-7a61-434f-ade0-3394f99e2d58,robert-d-skeel,Robert D Skeel,https://openalex.org/A5049797937,142,9,133
954ce315-ff41-4095-9e5b-0d04755d9984,karen-tabb-dina,Karen Tabb Dina,https://openalex.org/A5053142246,162,31,131
f2b107e2-f9cc-4706-b464-b14d3ff34e09,lyle-w-konigsberg,Lyle W Konigsberg,https://openalex.org/A5066357418,136,5,131
ddc1d5a2-4b6d-410e-8da6-3169719abcba,jeremy-tyson,Jeremy Tyson,https://openalex.org/A5064858111,135,5,130
be42a407-2c4c-4eea-9122-3c4da9279cc5,james-michael-lafave,James Michael LaFave,https://openalex.org/A5032271758,151,23,128
cf3c46a5-db67-4485-914e-af065e4ae2b2,faye-v-harrison,Faye V Harrison,https://openalex.org/A5001278077,128,2,126
be488899-2a28-4162-a49f-faddb139e8b8,min-zhan,Min Zhan,https://openalex.org/A5106886489,125,2,123
f7124b38-c232-41ed-ad6d-ca70a4471294,david-p-kuehn,David P Kuehn,https://openalex.org/A5005972195,127,5,122
8ab069ed-c3a8-40fb-8d70-ee794bfa38bb,paul-selvin,Paul Selvin,https://openalex.org/A5140554794,125,3,122
a88f28cb-dc57-4a67-af83-7296361cae85,andrew-edmund-miller,Andrew Edmund Miller,https://openalex.org/A5005295367,124,6,118
b24815b9-8263-4044-9b94-3df235726d97,richard-b-sowers,Richard B Sowers,https://openalex.org/A5018183293,129,11,118
cd0df484-0514-45e7-ba0a-57863fd985ee,george-deltas,George Deltas,https://openalex.org/A5015255084,125,8,117
f5b7939e-6bae-429b-8679-dd0613b8fad5,moses-okumu,Moses Okumu,https://openalex.org/A5060619666,137,20,117
cc586ab3-db34-4d67-b78b-62e9708ae6ce,nadya-mason,Nadya Mason,https://openalex.org/A5034476304,184,67,117
9b4436b5-0d0b-429a-8829-209693ec78cc,nick-jackson,Nick Jackson,https://openalex.org/A5024672065,172,55,117
ef1a8d5e-fd74-406b-b55a-7ef3eda4d6f8,aimo-hinkkanen,Aimo Hinkkanen,https://openalex.org/A5036616885,121,6,115
b5a96ef3-0c20-4413-950f-6bdf66da3258,matthew-hudson,Matthew Hudson,https://openalex.org/A5036915667,113,0,113
f206f09c-f3d9-454e-91a9-2c2d0281d567,xiaofeng-shao,Xiaofeng Shao,https://openalex.org/A5086059595,120,7,113
a6414767-3fcc-4e73-9a1c-5562363147b0,cecilia-leal,Cecilia Leal,https://openalex.org/A5088834377,176,65,111
dd55f359-9bba-4d50-a4d9-783568902699,jessica-conroy,Jessica Conroy,https://openalex.org/A5004691211,125,15,110
e224b43d-fc02-4120-92c0-c013615a4617,douglas-g-simpson,Douglas G Simpson,https://openalex.org/A5091076080,115,6,109
bbdcb7bf-6917-406f-b127-3bbd9417910c,leanne-knobloch,Leanne Knobloch,https://openalex.org/A5072645853,110,4,106
a617c1ab-49ab-4ae8-a940-dde86a530dd0,lei-zhao,Lei Zhao,https://openalex.org/A5029520920,166,60,106
ef9135e2-6d37-4c35-aca2-f15c54396ebc,matthew-chapman-caesar,Matthew Chapman Caesar,https://openalex.org/A5038897777,178,72,106
f5632896-2424-459b-ad14-20c07f38f808,bo-zhang,Bo Zhang,https://openalex.org/A5077036584,141,36,105
d71c5f8c-2d59-4757-9078-bccdde29e100,houtan-jebelli,Houtan Jebelli,https://openalex.org/A5035070058,198,93,105
b9081943-6dfe-4246-b082-c5ec37ea0cff,mohamed-boubekri,Mohamed Boubekri,https://openalex.org/A5112410761,107,2,105
d6f10e00-7db0-4e94-b733-00c1064b0160,andrew-j-margenot,Andrew J Margenot,https://openalex.org/A5033548666,217,115,102
ac17097d-8514-48a6-8471-b1a042f2897b,girish-krishnan,Girish Krishnan,https://openalex.org/A5050432620,142,41,101
a78ba30f-2b30-4e4e-9513-7716e37877b8,phillip-j-ansell,Phillip J Ansell,https://openalex.org/A5005382721,174,73,101
e684dc20-9a35-46a1-8889-d71870701cb8,jacob-covey,Jacob Covey,https://openalex.org/A5035121973,116,16,100
ad66af8d-3c5e-4ae0-aca3-a777d50a5e20,jessie-shelton,Jessie Shelton,https://openalex.org/A5019528716,122,22,100
c6e26956-f494-4989-a908-ea5aba78fbae,michael-j-spinella,Michael J Spinella,https://openalex.org/A5027854986,119,19,100
cdd45840-afcb-45d5-99c5-4c5effce8aa2,francesco-panerai,Francesco Panerai,https://openalex.org/A5027907797,216,117,99
c426f85b-5054-4a07-89a4-ae3d84fb251f,mohammed-el-kebir,Mohammed El-Kebir,https://openalex.org/A5089040838,127,28,99
f521e773-9e3c-4c1a-b020-c02974b4029d,ido-golding,Ido Golding,https://openalex.org/A5057303748,126,28,98
fcc663c9-44bf-459e-a064-ebf905d81da3,jason-m-ridlon,Jason M Ridlon,https://openalex.org/A5026366028,148,50,98
c07e6626-f57f-4115-bc07-65141ef21634,yumeng-li,Yumeng Li,https://openalex.org/A5100775189,147,49,98
ce171eda-375b-49c5-919b-d2588db9ba0c,david-j-miller,David J Miller,https://openalex.org/A5090859306,108,11,97
ae97700e-cc89-48e2-8bad-6914acc47add,seid-koric,Seid Koric,https://openalex.org/A5032466147,158,62,96
a5dbe664-6064-4793-809d-bfc5923e0887,charles-c-roseman,Charles C Roseman,https://openalex.org/A5004651389,100,5,95
e7c23c62-3ffc-4a86-9b19-c5273b8e5a0f,donald-michael-mcfarland,Donald Michael McFarland,https://openalex.org/A5043083027,240,145,95
c7810a3f-044d-490c-bad7-c74ec51ddc3b,julie-l-cidell,Julie L Cidell,https://openalex.org/A5076117673,100,5,95
dc69456d-e5f7-4def-8927-59a0a6e91d30,jonathan-h-ebel,Jonathan H Ebel,https://openalex.org/A5057602938,97,3,94
f2505797-0dfe-4abc-8f9c-15b7049644a5,mark-jason-lara,Mark Jason Lara,https://openalex.org/A5036063743,113,19,94
ff771cee-2300-4e46-8834-d8c2b5f17531,wail-s-hassan,Waïl S. Hassan,https://openalex.org/A5073385310,95,1,94
a8af1f92-af13-47da-abae-670b23fa03fe,d-fairchild-ruggles,D Fairchild Ruggles,https://openalex.org/A5109959129,101,8,93
e0938fc6-a920-4898-b907-91367fdff7ba,kathryn-matlack,Kathryn Matlack,https://openalex.org/A5013309807,125,32,93
ab7230fe-55e1-404a-be32-55d8d5cee6f7,robert-lee-schooley,Robert Lee Schooley,https://openalex.org/A5000831553,104,11,93
ca2966b1-9954-409d-b69e-55933c5f9293,william-guenthner,William Guenthner,https://openalex.org/A5070303312,108,15,93
be8196c5-9a55-4cba-8a1a-250d8d25e0f9,simon-rogers,Simon Rogers,https://openalex.org/A5007702411,141,49,92
e47f94c0-a0bd-4078-aabb-55d866539854,gary-j-olsen,Gary J Olsen,https://openalex.org/A5105367697,100,9,91
ee3424f0-f71a-46be-bd0b-d72c6172c46e,jingbo-liu,Jingbo Liu,https://openalex.org/A5100383868,93,3,90
f0c9425d-c481-4fa2-b653-084fc8d7562b,john-e-prussing,John E Prussing,https://openalex.org/A5052014007,97,7,90
f7bf4551-c6ba-40f3-a019-88866e572a6a,steven-andrew-culpepper,Steven Andrew Culpepper,https://openalex.org/A5052268272,113,23,90
fc92e1dd-91af-41fd-b0c7-27f37711cbdc,thomas-j-anastasio,Thomas J Anastasio,https://openalex.org/A5082504203,95,5,90
ed49e98c-dc21-44f2-bb4a-8df0882e0ccc,wenzhen-yuan,Wenzhen Yuan,https://openalex.org/A5055947140,106,17,89
b578148a-d8f6-49ce-bf24-2409cd313b4f,alireza-talebpour,Alireza Talebpour,https://openalex.org/A5077932885,105,17,88
ef2f2c5d-0ebf-42bb-a1cd-5378b544d5da,clark-w-bullard,Clark W Bullard,https://openalex.org/A5112018762,89,1,88
d2abba17-e8f2-46bb-8998-1eb30ca082fe,james-f-lowe,James F Lowe,https://openalex.org/A5105023925,108,20,88
f7c32068-1c5e-427f-a9b3-292db1e1971c,james-patrick-o-dwyer,James Patrick O'Dwyer,https://openalex.org/A5019708820,98,10,88
fb71bb9e-28c2-4892-b96e-e169ab56d222,robert-victor-knox,Robert Victor Knox,https://openalex.org/A5065316965,116,28,88
b474cae3-a6f5-462b-b8f1-07a855f8f5ec,annette-marie-mccoy,Annette Marie McCoy,https://openalex.org/A5043575706,110,24,86
ce1c6a62-05d1-4742-a0f0-551f5dfd889e,manuel-enrique-hernandez,Manuel Enrique Hernandez,https://openalex.org/A5026209495,139,53,86
c983e0e5-869b-42e4-ace3-8aacc71a8849,mohammad-babadoost,Mohammad Babadoost,https://openalex.org/A5091029338,93,8,85
a72d62eb-9f84-4423-b772-4854d842a5fe,arthur-r-schmidt,Arthur R Schmidt,https://openalex.org/A5086433209,122,38,84
cb579e4e-f3dc-4605-9b41-b0d3b8bfb6e4,jean-charles-stinville,jean-charles Stinville,https://openalex.org/A5058181785,133,49,84
a902627d-6fdd-4445-931f-ebf4d973791c,robert-b-haber,Robert B Haber,https://openalex.org/A5091537826,87,3,84
a789f199-ea2e-4649-98b8-7ccdb05e3429,jessica-elaine-rutkoski,Jessica Elaine Rutkoski,https://openalex.org/A5054554913,94,11,83
ee2fef2f-497a-489c-b3d9-5de7ace83caf,katy-denise-heath,Katy Denise Heath,https://openalex.org/A5065366659,100,17,83
c75cdf2a-02a7-49ce-9773-b170afaec320,catherine-lesley-blake,Catherine Lesley Blake,https://openalex.org/A5043442839,88,7,81
e0461790-7b4e-40fe-b4ac-3dab0f3988a8,ruoqing-zhu,Ruoqing Zhu,https://openalex.org/A5076762447,115,34,81
f8914eb6-9a96-4040-8f9d-74d0ebaea446,viktor-gruev,Viktor Gruev,https://openalex.org/A5036171336,104,23,81
c5992e2b-6f8a-4e77-b3cd-f4ecc6ebee32,yi-lu-yilu4,Yi Lu,https://openalex.org/A5102981342,84,3,81
abbcc81e-e411-4c0c-a81d-b470c2ccd320,german-a-bollero,German A Bollero,https://openalex.org/A5015518216,105,25,80
d6313f1e-ebd1-4280-b57c-b1a121f991bf,jennifer-m-fraterrigo,Jennifer M Fraterrigo,https://openalex.org/A5041471527,95,15,80
814f2991-7fd5-4dd0-a551-3e09c6d2eead,andi-schwingel,Andi Schwingel,https://openalex.org/A5024809040,122,43,79
f9e707b2-e037-4ac0-a770-c219fb60bfbd,chadly-stern,Chadly Stern,https://openalex.org/A5008630281,84,5,79
f52d538a-aa33-43bb-bb3d-b5589f40a53a,zahra-mohaghegh,Zahra Mohaghegh,https://openalex.org/A5079837730,92,13,79
da21f285-c147-4dab-90c7-9b3105c3fb6c,carol-maddox,Carol Maddox,https://openalex.org/A5020554231,92,14,78
dcfa7a6b-61e3-4984-9115-9b2672308e50,john-w-kindt,John W Kindt,https://openalex.org/A5008175246,81,3,78
b1f52f14-5e2e-443d-ba3c-df1cde39eb50,joshua-m-gulley,Joshua M Gulley,https://openalex.org/A5028112630,88,10,78
c8da31b6-66b1-414d-813b-f17e7fc41ed2,kimberly-anne-selting,Kimberly Anne Selting,https://openalex.org/A5052481062,141,63,78
f487fc55-8aed-4774-8ecc-34b35c0f6ac1,philip-s-l-anderson,Philip S L Anderson,https://openalex.org/A5001658150,89,11,78
dde35e0f-3d12-4744-9c83-37bd02b0e94f,rutilio-fratti,Rutilio Fratti,https://openalex.org/A5084808631,85,7,78
ea14b5f9-a752-4bee-8270-8c0b5f6056e6,christopher-byron-brooke,Christopher Byron Brooke,https://openalex.org/A5017220314,110,33,77
fafc3bcb-912d-451a-b4ce-ea35a97d55d7,mary-l-kraft,Mary L Kraft,https://openalex.org/A5058689865,93,16,77
b8906194-ce5b-4f26-9f49-ce089bac859d,matthew-c-stewart,Matthew C Stewart,https://openalex.org/A5101952999,90,13,77
c0e14aec-f7e2-4867-946d-9318c7725014,anne-m-barger,Anne M Barger,https://openalex.org/A5069840927,103,27,76
e60d3177-b547-4045-b318-8116cccede98,jeffrey-wayne-matthews,Jeffrey Wayne Matthews,https://openalex.org/A5028436309,114,38,76
c4fcfa25-1f9d-42b1-844b-5491578d4fb7,kyekyoon-kim,Kyekyoon Kim,https://openalex.org/A5010094822,123,47,76
a644ee97-cf94-45df-8df2-515580840a58,madhubalan-viswanathan,Madhubalan Viswanathan,https://openalex.org/A5110134007,79,3,76
ac449bb8-ae05-4ae2-9caf-922ff53d3b34,timothy-j-stelzer,Timothy J Stelzer,https://openalex.org/A5068351570,83,7,76
da4e5a7c-c197-44d5-8102-230e002daa5c,craig-m-koslofsky,Craig M Koslofsky,https://openalex.org/A5045247558,76,1,75
ee5cce77-7434-461c-9aa2-423f5963f75f,lissette-piedra,Lissette Piedra,https://openalex.org/A5051492725,97,23,74
f6e18001-5ff9-42bc-96e9-40f6d47f6e62,lois-l-hoyer,Lois L Hoyer,https://openalex.org/A5013157985,92,18,74
bc2321e7-3324-4e7b-b423-36db9ef4504e,zhizhen-zhao,Zhizhen Zhao,https://openalex.org/A5048820768,96,23,73
fc405358-cb86-4db1-9121-b7fa973e5b03,adrian-burgos,Adrian Burgos,https://openalex.org/A5074127094,73,1,72
d7bc464b-0660-4a61-8ed3-1a4543249fab,jaime-derringer,Jaime Derringer,https://openalex.org/A5042220465,103,31,72
b711da28-3898-45f7-a058-a5ae5fadf1fb,cristian-proistosescu,Cristian Proistosescu,https://openalex.org/A5051221198,107,36,71
e3ac137f-a8e9-46f3-8a5a-d839f92e0fc4,luke-olson,Luke Olson,https://openalex.org/A5027808971,126,55,71
c35eec32-c20e-47e7-b038-0f3945415570,li-qing-chen,Li-Qing Chen,https://openalex.org/A5100717363,92,22,70
f42ae430-a15a-46bf-9e9c-0d24f0b35215,anand-padmanabhan,Anand Padmanabhan,https://openalex.org/A5020460963,80,11,69
f7596b4b-f20b-40cb-b1fb-c11dbfa1dc6e,daniel-w-schneider,Daniel W Schneider,https://openalex.org/A5012753154,72,3,69
baa64ec2-e63f-4c96-85d6-dbd1c8a47b49,jack-goncalo,Jack Goncalo,https://openalex.org/A5077790540,77,8,69
e45e344a-171c-4329-be6c-1ce79cfe28eb,joshua-barbour,Joshua Barbour,https://openalex.org/A5075271538,83,14,69
dce2c493-29f1-44c1-800d-0bd2dc6a7f2f,dokyoung-lee,DoKyoung Lee,https://openalex.org/A5047086185,115,49,66
bcdd35ac-085a-4130-964e-ab0270d08acf,liliane-windsor,Liliane Windsor,https://openalex.org/A5086862628,83,17,66
b5885704-ca57-4c52-b943-c07ef05bd474,ned-o-gorman,Ned O'Gorman,https://openalex.org/A5048695388,80,14,66
e03cf31b-ed89-456c-9540-0cac101d9d6c,travis-dixon,Travis Dixon,https://openalex.org/A5003376273,67,1,66
d211849f-d08d-4bf8-a1ca-b84580c21c14,aleks-ksiazkiewicz,Aleks Ksiazkiewicz,https://openalex.org/A5020055946,70,5,65
d894d8a9-1e2a-458e-a4dc-70a70f3f8eb4,vera-mikyoung-hur,Vera Mikyoung Hur,https://openalex.org/A5028597140,80,15,65
ceff40f4-fb1b-482e-b507-79a50af10f36,chia-fon-lee,Chia-Fon Lee,https://openalex.org/A5110044791,66,2,64
f788685e-5955-4b76-8338-23f3be5d467b,lisa-guntzviller,Lisa Guntzviller,https://openalex.org/A5052185930,67,3,64
bf4468a9-06e5-45a2-b87f-4a205ebe0878,kevin-poh-hiong-tan,Kevin Poh Hiong Tan,https://openalex.org/A5011177428,71,8,63
da08c91a-98c2-4064-94ce-6c7e6198c4ec,pamela-a-wilkins,Pamela A Wilkins,https://openalex.org/A5110898604,67,4,63
bc1a462a-2bae-4952-8790-e51bfe062ff2,xun-yan,Xun Yan,https://openalex.org/A5048917702,82,19,63
61fcb226-30d2-45b8-a2af-6cae92b36935,chung-yi-chiu,Chung-Yi Chiu,https://openalex.org/A5083516813,92,30,62
e86d8874-57d6-40d9-bece-d84d41411154,julie-zilles,Julie Zilles,https://openalex.org/A5004132071,86,25,61
b20e3e64-4d4f-4f38-95d6-483683c818df,sayeepriyadarshini-anakk,Sayeepriyadarshini Anakk,https://openalex.org/A5060958733,106,45,61
fa0b5b71-e665-472b-ad17-2db52b9e91d7,sepideh-sadaghiani,Sepideh Sadaghiani,https://openalex.org/A5044039270,88,27,61
c03e5dee-633f-4ce1-b325-d947acc606c2,adam-gregory-dolezal,Adam Gregory Dolezal,https://openalex.org/A5043618349,87,27,60
fa590cdd-fcf9-46d2-ac90-37c40378999c,faranak-miraftab,Faranak Miraftab,https://openalex.org/A5091377191,62,2,60
b35e3a15-5e2e-402f-b11d-bf752707ded6,pawan-singh-takhar,Pawan Singh Takhar,https://openalex.org/A5103228885,70,10,60
e579e793-8621-4c23-b411-a3ac847726f5,emily-joyce-magdelyn-knox,Emily Joyce Magdelyn Knox,https://openalex.org/A5057674836,64,5,59
dcd72a26-9744-4a6e-a7a2-627213076815,eun-jeong-cha,Eun Jeong Cha,https://openalex.org/A5100776426,73,14,59
c8788348-0f91-4eb6-ba83-640a8287c8d1,rebecca-stumpf,Rebecca Stumpf,https://openalex.org/A5017036390,96,37,59
e75002e9-ce0a-493c-a7e4-6300a0ed6209,ryan-keith-shosted,Ryan Keith Shosted,https://openalex.org/A5063503875,79,20,59
b84db2db-fa1e-4135-a215-c5f4d77391bf,po-chao-wen,Po-Chao Wen,https://openalex.org/A5046925755,82,24,58
e37a0d21-ec08-4013-8c26-de7e30671712,stephen-patrick-moose,Stephen Patrick Moose,https://openalex.org/A5074096318,94,36,58
d3707428-f13f-40c6-91bc-f0f3d75fd7e1,patrick-t-vargas,Patrick T Vargas,https://openalex.org/A5059910165,60,4,56
e2344094-1dff-4a94-ae68-91a41d85f14a,chrysafis-vogiatzis,Chrysafis Vogiatzis,https://openalex.org/A5018915189,82,27,55
fdf41786-f73d-440a-b430-2e79c422aab7,deepak-vasisht,Deepak Vasisht,https://openalex.org/A5034738254,81,28,53
d2e671f5-70c2-4a13-90dd-0c47939b8e49,nien-pei-tsai,Nien-Pei Tsai,https://openalex.org/A5024957372,74,21,53
abadf282-cf62-4b4b-af8b-e67a594e1522,cheryl-d-hanley-maxwell,Cheryl D Hanley-Maxwell,https://openalex.org/A5073361891,52,0,52
a549ef8a-9c5e-40c8-8680-8657fa93afe6,wendy-heller,Wendy Heller,https://openalex.org/A5008740887,258,207,51
c4a918ec-bc1f-46ec-b6a1-894e79462c89,aaron-g-hager,Aaron G Hager,https://openalex.org/A5035275611,77,27,50
e926b0ac-3eb7-44d3-ad24-e85eea56a12b,g-peters,G Peters,https://openalex.org/A5020497444,49,0,49
e44eb953-f004-4a52-9641-65a21976d1f9,steven-sam-lumetta,Steven Sam Lumetta,https://openalex.org/A5108619331,79,30,49
aabdb1bb-f79b-4fb7-ba65-33efb817b734,brent-mcbride,Brent McBride,https://openalex.org/A5052128982,49,1,48
c69cc118-5fa4-42ea-93fd-eef00e3100a0,hyun-joon-kong,Hyun Joon Kong,https://openalex.org/A5112073500,57,10,47
cea446ef-e1c8-442f-9159-0fd1c8acbfec,m-quinn-brewster,M Quinn Brewster,https://openalex.org/A5111968596,50,3,47
d4342f27-f827-48dd-b6ea-9d79f6bb6441,colin-rhinesmith,Colin Rhinesmith,https://openalex.org/A5002844316,49,3,46
c0115ea5-3022-4b32-90c6-d61f5ddc283f,bill-stewart,Bill Stewart,https://openalex.org/A5066650714,41,0,41
d2d30b31-57e6-4fed-a3a8-b5bd9a85ac9e,carol-tilley,Carol Tilley,https://openalex.org/A5031252734,41,0,41
f184d21a-e535-4c5d-9f7e-7e0b3b6b76f6,ariana-traill,Ariana Traill,https://openalex.org/A5085124584,39,0,39
a6ce13bf-fa03-4cb3-a105-bdf4deced56c,karen-michelle-wickett,Karen Michelle Wickett,https://openalex.org/A5032584464,64,25,39
e29967ca-d592-4511-aab6-43475d3467cf,richard-tempest,Richard Tempest,https://openalex.org/A5081207409,39,0,39
ed9289cf-7406-4cf2-ab2c-73d4a9853281,indrani-c-bagchi,Indrani C Bagchi,https://openalex.org/A5022400005,166,128,38
c4afef7b-7a67-4efb-a6b2-6ca79550fb37,rinat-kedem,Rinat Kedem,https://openalex.org/A5017926492,65,27,38
e09733d4-87c5-453a-8777-802aa709df35,shenlong-wang,Shenlong Wang,https://openalex.org/A5102848956,48,17,31
bae44ff6-f0aa-485d-b3ea-749fb7164aa4,ilia-g-denisov,Ilia G Denisov,https://openalex.org/A5083285181,122,92,30
ce6a83b5-215f-4feb-b742-7297ad3f887f,tamara-l-fuller,Tamara L Fuller,https://openalex.org/A5048609766,28,1,27
0b4be5b9-3434-4e58-b966-f6390e9b66db,dilek-hakkani-tur,Dilek Hakkani Tur,https://openalex.org/A5113822366,66,92,-26
d31d110c-beb3-43e6-8055-00958362c313,simona-lleras-buetti,Simona Lleras Buetti,https://openalex.org/A5080132351,131,108,23
de67405d-7c08-41da-b9de-14f7a4950e6b,bruce-southey,Bruce Southey,https://openalex.org/A5001450490,140,121,19
bb106125-5923-4ffb-b24d-d8238ca48958,bailey-nicole-harsh,Bailey Nicole Harsh,https://openalex.org/A5073296247,77,61,16
c100726c-def2-414e-914a-197f3ccaac56,yang-wang,Yang Wang,https://openalex.org/A5065252864,34,20,14
f605e247-5abb-404a-9870-cbb490e3a211,craig-dutton,Craig Dutton,https://openalex.org/A5024185690,23,10,13
cbee5a27-4610-45ad-9dd0-85f8fe84f45c,mani-golparvar-fard,Mani Golparvar Fard,https://openalex.org/A5112018199,15,3,12
fd81c3a4-f1d5-4c47-a1a4-e599aea35d6d,phil-cardoso,Phil Cardoso,https://openalex.org/A5112648441,12,1,11
f84a51eb-fcc8-4b88-b10d-f544314b5ec1,sergei-v-ivanov,Sergei V Ivanov,https://openalex.org/A5107277197,9,0,9
ee181f79-7fb4-40a7-a4f5-c294db880019,don-ort,Don Ort,https://openalex.org/A5039714203,10,4,6
aa400ccc-f7d0-4228-87a6-6e53f471371f,chemyong-ko,CheMyong Ko,https://openalex.org/A5084346798,6,1,5
b5b9f27c-37f7-4469-a43c-db010349aaa9,jeffrey-p-filippini,Jeffrey P Filippini,https://openalex.org/A5127809308,7,3,4
ae849578-f0ef-49d9-850e-d2d7054e6625,yuliy-baryshnikov,Yuliy Baryshnikov,https://openalex.org/A5080018659,6,2,4
b7ba69de-62d1-4d14-b781-06211cb0a2db,george-miley,George Miley,https://openalex.org/A5113732144,4,1,3
d0f443d2-41df-4c8d-ae9b-a74812a44f2a,hans-stein,Hans Stein,https://openalex.org/A5109359268,5,2,3
058a99c4-b9dd-453d-aedd-5b6cef250fe4,jorge-jose-leite-noronha,Jorge Jose Leite Noronha,https://openalex.org/A5081312605,268,270,-2
b0d62d0a-14ce-40ea-8041-80f346e5edbd,rosa-maria-espinosa-marzal,Rosa Maria Espinosa Marzal,https://openalex.org/A5128635164,4,2,2
7eef140e-cb5d-449d-b544-88d6cb599c11,koustuv-saha,Koustuv Saha,https://openalex.org/A5057029055,178,179,-1
d9fb36a1-d8f9-463d-b53c-c6284c309726,ramavarapu-s-sreenivas,Ramavarapu S Sreenivas,https://openalex.org/A5140667356,1,2,-1
