researcherId,slug,portalName,email,profileUrl,openalexId,openalexName,nameScore,nameStatus,hasUiucAffiliation,issues,real_id
3233192a-5698-444d-b17a-65a612adbcf7,aleksandr-stolyar,Aleksandr Stolyar,stolyar@illinois.edu,https://openalex.org/A5018196632,https://openalex.org/A5018196632,Alexander Stolyar,80,REVIEW,TRUE,NAME_REVIEW,https://openalex.org/authors/a5111645183
72aa6459-ce0b-4468-88a0-b9951542c2ee,alex-mironenko,Alex Mironenko,alexmir@illinois.edu,https://openalex.org/A5071773697,https://openalex.org/A5071773697,Alexander V. Mironenko,80,REVIEW,TRUE,NAME_REVIEW,https://openalex.org/authors/a5071773697
62041670-f8be-4c51-88bd-29d48908459f,andreas-paul-eberhard-kloeckner,Andreas Paul Eberhard Kloeckner,andreask@illinois.edu,https://openalex.org/A5112508473,https://openalex.org/A5112508473,,,UNLINKED,,OPENALEX_RECORD_NOT_FOUND,https://openalex.org/authors/a5038003633
1d94efa6-edbf-4fd5-89e3-83dd8ca345c2,anil-k-bera,Anil K Bera,abera@illinois.edu,https://openalex.org/A5102978162,https://openalex.org/A5102978162,,,UNLINKED,,OPENALEX_RECORD_NOT_FOUND,https://openalex.org/authors/a5043221026
7afa1246-3e73-431c-a4c6-fff2269be425,arend-van-der-zande,Arend van der Zande,arendv@illinois.edu,https://openalex.org/A5020878903,https://openalex.org/A5124073256,,,UNLINKED,,OPENALEX_RECORD_NOT_FOUND,https://openalex.org/authors/a5020878903
e0376111-bd3a-4c2d-b87a-1ae1210db828,atul-jain,Atul Jain,jain1@illinois.edu,https://openalex.org/A5037913161,https://openalex.org/A5125260924,,,UNLINKED,,OPENALEX_RECORD_NOT_FOUND,https://openalex.org/authors/a5037913161
58f315b3-0f90-40df-81f2-b3ecb2406185,becky-claire-fuller,Becky Claire Fuller,rcfuller@illinois.edu,https://openalex.org/A5078495733,https://openalex.org/A5078495733,Rebecca C. Fuller,84,REVIEW,TRUE,NAME_REVIEW,https://openalex.org/A5078495733
485e1a72-1df3-4851-893c-1d537c6eface,becky-smith,Becky Smith,rlsdvm@illinois.edu,,,,,UNLINKED,,NO_AUTHOR_LINK,https://openalex.org/authors/a5103207801
d3a0805c-10eb-4259-990e-29e100c48c48,bo-li-lbo,Bo Li,lbo@illinois.edu,,,,,UNLINKED,,NO_AUTHOR_LINK,NULL
552821c4-6913-4408-99b3-eb542ed590aa,bob-pahre,Bob Pahre,pahre@illinois.edu,https://openalex.org/A5015820689,https://openalex.org/A5015820689,Robert Pahre,80,REVIEW,TRUE,NAME_REVIEW,https://openalex.org/authors/a5015820689
beb2e4b3-c0f8-4164-bc90-d00b4c1d5d2f,brian-c-freeman,Brian C Freeman,bfree@illinois.edu,https://openalex.org/A5037157644,https://openalex.org/A5136604937,,,UNLINKED,,OPENALEX_RECORD_NOT_FOUND,https://openalex.org/authors/a5037157644
207efd07-1951-463d-a485-45cbc75ca55f,c-h-christina-cheng,C.-H. Christina Cheng,c-cheng@illinois.edu,https://openalex.org/A5065102952,https://openalex.org/A5065102952,Huan‐Cheng Chang,84,REVIEW,TRUE,NAME_REVIEW,https://openalex.org/authors/a5112140405
dc95e1a6-171e-4a49-a937-84cd729329ee,carl-gunter,Carl Gunter,cgunter@illinois.edu,https://openalex.org/A5031954035,https://openalex.org/A5140011277,,,UNLINKED,,OPENALEX_RECORD_NOT_FOUND,https://openalex.org/authors/a5031954035
9c15b326-fb9d-40d2-ac97-22fe4e04b874,charles-gammie,Charles Gammie,gammie@illinois.edu,https://openalex.org/A5004324846,https://openalex.org/A5147393505,,,UNLINKED,,OPENALEX_RECORD_NOT_FOUND,https://openalex.org/authors/a5004324846
57f8f57d-ff81-45c1-bea9-f083f3dab369,christopher-m-tessum,Christopher M Tessum,ctessum@illinois.edu,https://openalex.org/A5001173179,https://openalex.org/A5001173179,Christopher W. Tessum,0,HIGH_RISK,TRUE,NAME_HIGH_RISK,https://openalex.org/authors/a5001173179
350c97bc-6851-4c90-88d3-a026e7372f88,cindy-fisher,Cindy Fisher,clfishe@illinois.edu,https://openalex.org/A5082614005,https://openalex.org/A5082614005,Cynthia L. Fisher,80,REVIEW,TRUE,NAME_REVIEW,https://openalex.org/authors/A5082614005
816bf1f6-4461-42fe-b159-5a02caf77c65,colleen-lewis,Colleen Lewis,colleenl@illinois.edu,https://openalex.org/A5065608156,https://openalex.org/A5125962856,,,UNLINKED,,OPENALEX_RECORD_NOT_FOUND,https://openalex.org/authors/a5065608156
9ce928f3-0692-4cd7-8d59-8c29724f8a52,conrad-quentin-bakker,Conrad Quentin Bakker,cbakker@illinois.edu,https://openalex.org/A5016623084,https://openalex.org/A5016623084,Conrad Bakker,88,STRONG,FALSE,NO_UIUC_AFFILIATION,https://openalex.org/authors/a5016623084
a88cfddf-85c7-4a47-9804-5f38139edcef,d-a-briley,D. A. Briley,dabriley@illinois.edu,https://openalex.org/A5034133561,https://openalex.org/A5135836961,,,UNLINKED,,OPENALEX_RECORD_NOT_FOUND,https://openalex.org/authors/a5034133561
b17c6cca-898d-46f2-b807-bc8b68c8d0f4,daniel-adolfo-llano,Daniel Adolfo Llano,d-llano@illinois.edu,https://openalex.org/A5060781519,https://openalex.org/A5127875586,,,UNLINKED,,OPENALEX_RECORD_NOT_FOUND,https://openalex.org/authors/a5060781519
29ed88bd-5543-4b81-8d07-30aeb0bff7b6,deborah-levin-fliflet,Deborah Levin Fliflet,deblevin@illinois.edu,,,,,UNLINKED,,NO_AUTHOR_LINK,https://openalex.org/authors/a5009531225
e20d1285-0e8e-4fdd-a5a6-88959c75eb1e,douglas-kibbee,Douglas Kibbee,dkibbee@illinois.edu,https://openalex.org/A5029882899,https://openalex.org/A5134720216,,,UNLINKED,,OPENALEX_RECORD_NOT_FOUND,https://openalex.org/authors/a5029882899
ba72c0cd-1b82-44fd-ac72-0ffaacb5574a,elisha-a-cohen,Elisha A Cohen,eacohen3@illinois.edu,https://openalex.org/A5089648902,https://openalex.org/A5089648902,Elisha Cohen,88,STRONG,FALSE,NO_UIUC_AFFILIATION,https://openalex.org/authors/a5089648902
63be7c2a-c9d2-475b-acb0-c4347bd80ca0,elizabeth-goldschmidt,Elizabeth Goldschmidt,goldschm@illinois.edu,https://openalex.org/A5069246310,https://openalex.org/A5122396038,,,UNLINKED,,OPENALEX_RECORD_NOT_FOUND,https://openalex.org/authors/a5069246310
8280ad88-eb74-4bfb-8412-d86efb8e56b2,emily-heaton,Emily Heaton,heaton6@illinois.edu,https://openalex.org/A5062408316,https://openalex.org/A5139907621,,,UNLINKED,,OPENALEX_RECORD_NOT_FOUND,https://openalex.org/authors/a5062408316
a91d1335-90d2-47fa-a76e-04660e8423ef,eric-benson,Eric Benson,ebenson@illinois.edu,https://openalex.org/A5083132337,https://openalex.org/A5124053260,,,UNLINKED,,OPENALEX_RECORD_NOT_FOUND,https://openalex.org/authors/a5083132337
ec9a72bc-8e30-4d94-87f7-062e2d6220b9,gilbert-holder,Gilbert Holder,gholder@illinois.edu,https://openalex.org/A5042189570,https://openalex.org/A5137035502,,,UNLINKED,,OPENALEX_RECORD_NOT_FOUND,https://openalex.org/authors/a5104082578
661599ac-9040-44a2-b6ac-a217a4c5336f,hao-peng,Hao Peng,haopeng@illinois.edu,https://openalex.org/A5019025642,https://openalex.org/A5019025642,Huei Peng,80,REVIEW,TRUE,NAME_REVIEW,https://openalex.org/authors/a5100740618
ae44ab62-588b-44ad-8785-094388ab3e97,imanni-sheppard,Imanni Sheppard,iks@illinois.edu,https://openalex.org/A5092448175,https://openalex.org/A5117571625,,,UNLINKED,,OPENALEX_RECORD_NOT_FOUND,https://openalex.org/authors/a5092448175
cd0e9216-81ce-410f-9b03-129f202449ff,jaki-noronha-hostler,Jaki Noronha-Hostler,jnorhos@illinois.edu,,,,,UNLINKED,,NO_AUTHOR_LINK,https://openalex.org/authors/a5022830262
a144ee3d-7679-43ff-8f00-715ddaa3bfc9,james-robert-miller,James Robert Miller,jrmillr@illinois.edu,,https://openalex.org/A5085326552,Robert James Miller,98,EXACT,FALSE,NO_UIUC_AFFILIATION,https://openalex.org/authors/a5064809760
efde64ae-c522-4839-a8ce-d7683085f5de,james-ryan-lamare,James Ryan Lamare,rlamare@illinois.edu,,https://openalex.org/A5045257271,James W. Lamare,0,HIGH_RISK,TRUE,NAME_HIGH_RISK,https://openalex.org/authors/a5077740219
a71d41ee-2e2f-4d8b-a0dc-2a33083868ba,jeff-chan,Jeff Chan,jeffchan@illinois.edu,https://openalex.org/A5073201453,https://openalex.org/A5073201453,Jefferson Y. Chan,80,REVIEW,TRUE,NAME_REVIEW,https://openalex.org/authors/a5073201453
844f4783-5bd9-42bb-bd80-55a2cc0d7926,jeffrey-eric-jenkins,Jeffrey Eric Jenkins,jej@illinois.edu,https://openalex.org/A5076883977,https://openalex.org/A5076883977,Jeffrey Eric Jenkins,100,EXACT,FALSE,NO_UIUC_AFFILIATION,https://openalex.org/authors/a5076883977
a7116c66-30b5-4041-9bfb-f2eba1d0bc3c,jenny-amos,Jenny Amos,jamos@illinois.edu,https://openalex.org/A5112561972,https://openalex.org/A5112561972,Jenny Amos,100,EXACT,FALSE,NO_UIUC_AFFILIATION,https://openalex.org/authors/a5042850404
df7a45c9-3b2a-40e2-b27a-9ffd3879dcd2,jim-rehg,Jim Rehg,jrehg@illinois.edu,https://openalex.org/A5068266713,https://openalex.org/A5068266713,Jim Rehg,100,EXACT,FALSE,NO_UIUC_AFFILIATION,https://openalex.org/authors/a5002228469
9806e2d1-4d2c-4fa2-bf47-07666aca2265,joe-martocchio,Joe Martocchio,martocch@illinois.edu,https://openalex.org/A5021389030,https://openalex.org/A5021389030,Joseph J. Martocchio,80,REVIEW,TRUE,NAME_REVIEW,https://openalex.org/authors/a5021389030
a3f27995-3c3b-46e0-a5a5-344f62628903,joe-zhou,Joe Zhou,xgzhou@illinois.edu,https://openalex.org/A5100327162,https://openalex.org/A5100327162,Jianzhong Zhou,80,REVIEW,FALSE,NAME_REVIEW|NO_UIUC_AFFILIATION,https://openalex.org/authors/a5111903928
b2f3219a-52ca-4912-a013-514442a28192,joel-ross,Joel Ross,jgr@illinois.edu,,,,,UNLINKED,,NO_AUTHOR_LINK,https://openalex.org/authors/a5103208715
6d21843d-85d0-48a7-9452-0f3f09f10e9e,john-dallesasse,John Dallesasse,jdallesa@illinois.edu,https://openalex.org/A5039763844,https://openalex.org/A5147690181,,,UNLINKED,,OPENALEX_RECORD_NOT_FOUND,https://openalex.org/authors/a5039763844
40873066-d7e9-42f8-a962-881614dfa3dc,joshua-vura-weis,Joshua Vura-Weis,vuraweis@illinois.edu,https://openalex.org/A5143288475,https://openalex.org/A5143288475,,,UNLINKED,,OPENALEX_RECORD_NOT_FOUND,https://openalex.org/authors/a5057603203
855c63a7-69a7-4cf2-9a68-5b1d3e20e7d5,jozien-goense,Jozien Goense,goense@illinois.edu,https://openalex.org/A5111738742,https://openalex.org/A5136395198,,,UNLINKED,,OPENALEX_RECORD_NOT_FOUND,https://openalex.org/authors/a5111738742
33322f95-1554-4e7f-90d5-f0e7e7f0b578,kathleen-mary-colegrove-calvey,Kathleen Mary Colegrove-Calvey,kcolegro@illinois.edu,,,,,UNLINKED,,NO_AUTHOR_LINK,https://openalex.org/authors/a5114180083
4ef0f81c-1938-4544-bd98-dd6902202ef6,kelly-k-freeman-bost,Kelly K Freeman Bost,kbost@illinois.edu,https://openalex.org/A5017873952,https://openalex.org/A5017873952,,,UNLINKED,,OPENALEX_RECORD_NOT_FOUND,https://openalex.org/authors/a5024862411
65d93587-a3e7-4a45-ad3d-cf3fd96f3411,kevin-ford,Kevin Ford,ford126@illinois.edu,https://openalex.org/A5022453841,https://openalex.org/A5022453841,Kenneth Lee Ford,80,REVIEW,FALSE,NAME_REVIEW|NO_UIUC_AFFILIATION,https://openalex.org/authors/a5013873679
099abc08-ca50-41df-884e-f728da4bdcfc,lauretta-j-hogin,Lauretta J Hogin,hogin@illinois.edu,,,,,UNLINKED,,NO_AUTHOR_LINK,https://openalex.org/authors/a5055368687
b4864fe4-42cf-44bd-af18-e5f397ba0598,leonardo-patricio-chamorro-chavez,Leonardo Patricio Chamorro Chavez,lpchamo@illinois.edu,https://openalex.org/A5105299285,https://openalex.org/A5105299285,C. A. Chavez,0,HIGH_RISK,FALSE,NAME_HIGH_RISK|NO_UIUC_AFFILIATION,https://openalex.org/authors/a5054479931
fff69dce-7bdd-47e4-a92a-43a0a0325f67,lori-t-raetzman,Lori T Raetzman,raetzman@illinois.edu,https://openalex.org/A5076450562,https://openalex.org/A5140848149,,,UNLINKED,,OPENALEX_RECORD_NOT_FOUND,https://openalex.org/authors/a5076450562
f7df00f9-81af-4f8f-b1af-5dc61b633aba,madhusudan-parthasarathy,Madhusudan Parthasarathy,madhu@illinois.edu,,https://openalex.org/A5141010499,Madhusudan Parthasarathy,100,EXACT,FALSE,NO_UIUC_AFFILIATION,https://openalex.org/authors/a5112870293
cb3ce915-abca-4a88-adc7-87eb19d3b5a9,marco-trevisani,marco Trevisani,marcot@illinois.edu,,,,,UNLINKED,,NO_AUTHOR_LINK,NULL
b2352c39-a4cd-4ade-8c72-7d3d99950f41,marie-charpagne,Marie Charpagne,mcharp@illinois.edu,https://openalex.org/A5055530140,https://openalex.org/A5135911987,,,UNLINKED,,OPENALEX_RECORD_NOT_FOUND,https://openalex.org/authors/a5055530140
8b9a1803-7a46-47e8-b332-b29b5de38a00,mark-daniel-bernhardt,Mark Daniel Bernhardt,danber@illinois.edu,https://openalex.org/A5110071008,https://openalex.org/A5110071008,Dan Bernhardt,76,REVIEW,TRUE,NAME_REVIEW,https://openalex.org/authors/a5110071008
d2c52086-8694-4962-b421-2444fa828266,mary-a-schuler,Mary A Schuler,maryschu@illinois.edu,https://openalex.org/A5103177441,https://openalex.org/A5126092936,,,UNLINKED,,OPENALEX_RECORD_NOT_FOUND,https://openalex.org/authors/a5112275814
9577013a-59db-4fd6-a279-6d613b278718,mary-patricia-mcguire,Mary Patricia McGuire,mpm1@illinois.edu,https://openalex.org/A5037417575,https://openalex.org/A5037417575,Patricia D. McGuire,76,REVIEW,FALSE,NAME_REVIEW|NO_UIUC_AFFILIATION,https://openalex.org/authors/a5019403135
c9488a02-21a5-49ea-b673-6f50e3c90cbd,matt-winters,Matt Winters,mwinters@illinois.edu,https://openalex.org/A5038689657,https://openalex.org/A5038689657,Matthew S. Winters,80,REVIEW,TRUE,NAME_REVIEW,https://openalex.org/authors/a5038689657
795a8811-d905-4ddb-8d98-b34723b5548c,matthew-gilbert,Matthew Gilbert,matthewg@illinois.edu,https://openalex.org/A5078309692,https://openalex.org/A5124766184,,,UNLINKED,,OPENALEX_RECORD_NOT_FOUND,https://openalex.org/authors/a5078309692
8bfd8acf-ee5f-4be1-bfb8-5e2c6755a36a,melissa-pokorny,Melissa Pokorny,mpokorny@illinois.edu,https://openalex.org/A5055448903,https://openalex.org/A5055448903,Melissa Seriama Pokorny,88,STRONG,FALSE,NO_UIUC_AFFILIATION,NULL
a2d29120-cb5c-4a33-8d7d-cd09ce0b6843,michael-benjamin-tissenbaum,Michael Benjamin Tissenbaum,miketiss@illinois.edu,https://openalex.org/A5064894903,https://openalex.org/A5108689492,,,UNLINKED,,OPENALEX_RECORD_NOT_FOUND,https://openalex.org/authors/a5064894903
91cea0e5-b2db-41d0-8916-9cd6a4cb84ca,minjoo-lawrence-lee,Minjoo Lawrence Lee,mllee@illinois.edu,,https://openalex.org/A5081622311,Minjoo Larry Lee,0,HIGH_RISK,TRUE,NAME_HIGH_RISK,https://openalex.org/authors/a5081622311
e18a9a23-2f81-4263-9f80-e37e7f377c43,nagi-mansour,Nagi Mansour,nnm004@illinois.edu,https://openalex.org/A5003406635,https://openalex.org/A5137161962,,,UNLINKED,,OPENALEX_RECORD_NOT_FOUND,https://openalex.org/authors/a5003406635
4d43362f-9faf-4a7e-9f74-ebae32968c03,nancy-amato,Nancy Amato,namato@illinois.edu,https://openalex.org/A5121363612,https://openalex.org/A5121363612,Nancy Amato,100,EXACT,FALSE,NO_UIUC_AFFILIATION,https://openalex.org/authors/a5050205557
94e53c65-891c-41a5-8873-8d2b536d3033,nicki-engeseth,Nicki Engeseth,engeseth@illinois.edu,https://openalex.org/A5072321694,https://openalex.org/A5133628026,,,UNLINKED,,OPENALEX_RECORD_NOT_FOUND,https://openalex.org/authors/a5072321694
d28a29ce-76d8-4a8a-b3c3-4e9476abd7a1,nicola-helen-perry,Nicola Helen Perry,nhperry@illinois.edu,https://openalex.org/A5025464252,https://openalex.org/A5144242711,,,UNLINKED,,OPENALEX_RECORD_NOT_FOUND,https://openalex.org/authors/a5025464252
46e9491f-27d4-414a-95c2-b8b951d7407e,paul-fischer,Paul Fischer,fischerp@illinois.edu,https://openalex.org/A5101625386,https://openalex.org/A5101625386,Paul H. Fischer,100,EXACT,FALSE,NO_UIUC_AFFILIATION,https://openalex.org/authors/a5106696040
b0f2ad07-960d-41a3-93e4-443a12cf2c29,r-chris-fraley,R Chris Fraley,rcfraley@illinois.edu,https://openalex.org/A5088807247,https://openalex.org/A5121976659,,,UNLINKED,,OPENALEX_RECORD_NOT_FOUND,https://openalex.org/authors/a5088807247
dd11ad4f-5127-4d7f-b82b-b3c73c56914f,rachel-whitaker,Rachel Whitaker,rwhitakr@illinois.edu,https://openalex.org/A5000063587,https://openalex.org/A5132996478,,,UNLINKED,,OPENALEX_RECORD_NOT_FOUND,https://openalex.org/authors/a5000063587
3626a4f8-c242-4186-b2dc-3ceea3f907d0,ripan-s-malhi,Ripan S Malhi,malhi@illinois.edu,https://openalex.org/A5135504594,https://openalex.org/A5135504594,,,UNLINKED,,OPENALEX_RECORD_NOT_FOUND,https://openalex.org/authors/a5040631295
47e058ee-462e-40a1-a999-282c8e6b0f52,rosana-gomez-cayapu,Rosana Gomez Cayapu,rosanag2@illinois.edu,,,,,UNLINKED,,NO_AUTHOR_LINK,NULL
9d2256c9-1d3a-4471-aac3-29aa31068e6e,sanjay-patel,Sanjay Patel,sjp@illinois.edu,,https://openalex.org/A5140438372,Sanjay Patel,100,EXACT,FALSE,NO_UIUC_AFFILIATION,https://openalex.org/authors/a5104048759
f0253af7-e2ff-44d6-ac32-c7d065b09aff,sharon-m-donovan,Sharon M Donovan,sdonovan@illinois.edu,https://openalex.org/A5049145231,https://openalex.org/A5141071720,,,UNLINKED,,OPENALEX_RECORD_NOT_FOUND,https://openalex.org/authors/a5049145231
6e71f558-eb94-402c-875c-ed30359bac24,shelly-zhang,Shelly Zhang,zhangxs@illinois.edu,https://openalex.org/A5091580416,https://openalex.org/A5091580416,Shelly Zhang,100,EXACT,FALSE,NO_UIUC_AFFILIATION,https://openalex.org/authors/a5046221521
30adb2df-e82b-4421-b3a5-f9bca17ad7de,steve-maren,Steve Maren,smaren@illinois.edu,https://openalex.org/A5134614862,https://openalex.org/A5134614862,Steve Maren,100,EXACT,FALSE,NO_UIUC_AFFILIATION,https://openalex.org/authors/a5039619508
5e23527b-48ae-4191-aeb1-6a3ac304d81f,susan-a-martinis,Susan A Martinis,martinis@illinois.edu,https://openalex.org/A5047422822,https://openalex.org/A5141055051,,,UNLINKED,,OPENALEX_RECORD_NOT_FOUND,https://openalex.org/authors/a5047422822
b410f560-551e-4cf1-b81a-d4697eb92d36,trish-gregg,Trish Gregg,pgregg@illinois.edu,https://openalex.org/A5009117784,https://openalex.org/A5009117784,P. M. Gregg,80,REVIEW,TRUE,NAME_REVIEW,https://openalex.org/A5009117784
eb501c3f-4d60-41a5-84a8-a7ff579557dc,u-imoukhuede,U Imoukhuede,pii@illinois.edu,,,,,UNLINKED,,NO_AUTHOR_LINK,NULL
d4299e93-88e6-4be4-9baa-80cb4121b0b5,violeta-rodriguez-palacios,Violeta Rodriguez Palacios,vjrodrig@illinois.edu,,,,,UNLINKED,,NO_AUTHOR_LINK,https://openalex.org/authors/a5042219907
5526e0ed-3975-4358-9a09-79816479bfb8,william-e-underwood,William E Underwood,tunder@illinois.edu,https://openalex.org/A5006779213,https://openalex.org/A5006779213,Ted Underwood,80,REVIEW,TRUE,NAME_REVIEW,https://openalex.org/authors/a5006779213
a3d1e2fb-f845-439c-930e-25705be6989f,yuxiong-wang,Yuxiong Wang,yxw@illinois.edu,,https://openalex.org/A5138553429,Yuxiong Wang,100,EXACT,FALSE,NO_UIUC_AFFILIATION,https://openalex.org/authors/a5102952938
